com.google.protobuf:protobuf-java,https://github.com/protocolbuffers/protobuf/blob/master/LICENSE
com.google.protobuf:protobuf-java-util,https://github.com/protocolbuffers/protobuf/blob/master/LICENSE
org.json4s:json4s-ast_2.11,https://github.com/json4s/json4s/blob/master/LICENSE
org.json4s:json4s-core_2.11,https://github.com/json4s/json4s/blob/master/LICENSE
org.json4s:json4s-jackson_2.11,https://github.com/json4s/json4s/blob/master/LICENSE
net.java.dev.jna:jna,https://github.com/java-native-access/jna/blob/blob/master/LICENSE
net.java.dev.jna:jna-platform,https://github.com/java-native-access/jna/blob/blob/master/LICENSE
org.apache.derby:derby,https://github.com/apache/derby/trunk/README
org.apache.solr:solr-solrj,https://github.com/apache/lucene-solr/blob/master/solr/LICENSE.txt
com.datastax.cassandra:cassandra-driver-core,https://github.com/datastax/java-driver/4.x/README.md
javax.jdo:jdo-api,https://github.com/datanucleus/javax.jdo/blob/blob/master/src/main/java/javax/jdo/AttributeConverter.java
org.joda:joda-convert,https://github.com/JodaOrg/joda-convert/blob/blob/master/LICENSE.txt
joda-time:joda-time,https://github.com/JodaOrg/joda-time/blob/blob/master/LICENSE.txt
org.apache.lucene:lucene-analyzers-common,https://github.com/apache/lucene-solr/blob/master/lucene/LICENSE.txt
org.apache.lucene:lucene-core,https://github.com/apache/lucene-solr/blob/master/lucene/LICENSE.txt
org.apache.lucene:lucene-grouping,https://github.com/apache/lucene-solr/blob/master/lucene/LICENSE.txt
org.apache.lucene:lucene-highlighter,https://github.com/apache/lucene-solr/blob/master/lucene/LICENSE.txt
org.apache.lucene:lucene-join,https://github.com/apache/lucene-solr/blob/master/lucene/LICENSE.txt
org.apache.lucene:lucene-backward-codecs,https://github.com/apache/lucene-solr/blob/master/lucene/LICENSE.txt
org.apache.lucene:lucene-memory,https://github.com/apache/lucene-solr/blob/master/lucene/LICENSE.txt
org.apache.lucene:lucene-misc,https://github.com/apache/lucene-solr/blob/master/lucene/LICENSE.txt
org.apache.lucene:lucene-queries,https://github.com/apache/lucene-solr/blob/master/lucene/LICENSE.txt
org.apache.lucene:lucene-queryparser,https://github.com/apache/lucene-solr/blob/master/lucene/LICENSE.txt
org.apache.lucene:lucene-sandbox,https://github.com/apache/lucene-solr/blob/master/lucene/LICENSE.txt
org.apache.lucene:lucene-spatial,https://github.com/apache/lucene-solr/blob/master/lucene/LICENSE.txt
org.apache.lucene:lucene-spatial3d,https://github.com/apache/lucene-solr/blob/master/lucene/LICENSE.txt
org.apache.lucene:lucene-spatial-extras,https://github.com/apache/lucene-solr/blob/master/lucene/LICENSE.txt
org.apache.lucene:lucene-suggest,https://github.com/apache/lucene-solr/blob/master/lucene/LICENSE.txt
org.mockftpserver:MockFtpServer,https://github.com/wowex/mockftpserver/blob/blob/master/MockFtpServer/LICENSE.txt
org.objenesis:objenesis,https://github.com/easymock/objenesis/blob/blob/master/LICENSE.txt
org.roaringbitmap:RoaringBitmap,https://github.com/lemire/RoaringBitmap/blob/master/LICENSE-2.0.txt
com.thinkaurelius.thrift:thrift-server,https://github.com/xedin/disruptor_thrift_server/blob/blob/master/LICENSE.txt
org.scalanlp:breeze_2.11,https://github.com/scalanlp/breeze/blob/master/LICENSE
org.scalanlp:breeze-macros_2.11,https://github.com/scalanlp/breeze/blob/master/LICENSE
com.twitter:chill_2.11,https://github.com/twitter/chill/blob/develop/LICENSE
com.twitter:chill-java,https://github.com/twitter/chill/blob/develop/LICENSE
com.chuusai:shapeless_2.11,https://github.com/milessabin/shapeless/blob/blob/master/LICENSE
org.typelevel:macro-compat_2.11,https://github.com/milessabin/macro-compat/blob/blob/master/LICENSE
org.apache.kafka:kafka_2.10,https://github.com/apache/kafka/trunk/LICENSE
com.univocity:univocity-parsers,https://github.com/uniVocity/univocity-parsers/blob/blob/master/LICENSE-2.0.html
org.apache.bahir:spark-streaming-pubsub_2.11,https://github.com/apache/bahir/blob/blob/master/LICENSE
org.apache.mina:mina-core,https://github.com/apache/mina/blob/trunk/LICENSE
org.apache.sshd:sshd-core,https://github.com/apache/mina-sshd/blob/blob/master/LICENSE.txt
org.apache.directory.mavibot:mavibot,https://github.com/apache/directory-mavibot/blob/blob/master/LICENSE
org.apache.spark:spark-streaming-kafka-0-10_2.11,https://github.com/apache/spark/blob/master/NOTICE
org.apache.spark:spark-bagel_2.10,https://github.com/apache/spark/blob/master/NOTICE
org.apache.spark:spark-catalyst_2.11,https://github.com/apache/spark/blob/master/NOTICE
org.apache.spark:spark-core_2.11,https://github.com/apache/spark/blob/master/NOTICE
org.apache.spark:spark-streaming-kafka_2.10,https://github.com/apache/spark/blob/master/NOTICE
org.apache.spark:spark-streaming-twitter_2.10,https://github.com/apache/spark/blob/master/NOTICE
org.apache.spark:spark-graphx_2.11,https://github.com/apache/spark/blob/master/NOTICE
org.apache.spark:spark-launcher_2.11,https://github.com/apache/spark/blob/master/NOTICE
org.apache.spark:spark-kvstore_2.11,https://github.com/apache/spark/blob/master/NOTICE
org.apache.spark:spark-mllib_2.11,https://github.com/apache/spark/blob/master/NOTICE
org.apache.spark:spark-mllib-local_2.11,https://github.com/apache/spark/blob/master/NOTICE
org.apache.spark:spark-network-common_2.11,https://github.com/apache/spark/blob/master/NOTICE
org.apache.spark:spark-repl_2.11,https://github.com/apache/spark/blob/master/NOTICE
org.apache.spark:spark-sql_2.11,https://github.com/apache/spark/blob/master/NOTICE
org.apache.spark:spark-network-shuffle_2.11,https://github.com/apache/spark/blob/master/NOTICE
org.apache.spark:spark-sketch_2.11,https://github.com/apache/spark/blob/master/NOTICE
org.apache.spark:spark-streaming_2.11,https://github.com/apache/spark/blob/master/NOTICE
org.apache.spark:spark-tags_2.11,https://github.com/apache/spark/blob/master/NOTICE
org.apache.spark:spark-unsafe_2.11,https://github.com/apache/spark/blob/master/NOTICE
com.google.auto.value:auto-value-annotations,https://github.com/google/auto/blob/blob/master/LICENSE
com.google.flogger:flogger,https://github.com/google/flogger/blob/blob/master/LICENSE
com.google.flogger:flogger-log4j-backend,https://github.com/google/flogger/blob/blob/master/LICENSE
com.google.flogger:flogger-system-backend,https://github.com/google/flogger/blob/blob/master/LICENSE
com.google.flogger:google-extensions,https://github.com/google/flogger/blob/blob/master/LICENSE
com.google.code.gson:gson,https://github.com/google/gson/blob/master/gson/LICENSE
com.squareup.okhttp:okhttp,https://github.com/square/okhttp/blob/master/README.md
com.squareup.okhttp:logging-interceptor,https://github.com/square/okhttp/blob/master/README.md
com.squareup.okhttp:okhttp-ws,https://github.com/square/okhttp/blob/master/README.md
com.squareup.okio:okio,https://github.com/square/okio/blob/master/README.md
com.google.errorprone:error_prone_annotations,https://github.com/google/error-prone/blob/blob/master/AUTHORS
io.grpc:grpc-alts,https://github.com/grpc/grpc-java/blob/master/NOTICE.txt
io.grpc:grpc-api,https://github.com/grpc/grpc-java/blob/master/NOTICE.txt
io.grpc:grpc-auth,https://github.com/grpc/grpc-java/blob/master/NOTICE.txt
io.grpc:grpc-context,https://github.com/grpc/grpc-java/blob/master/NOTICE.txt
io.grpc:grpc-core,https://github.com/grpc/grpc-java/blob/master/NOTICE.txt
io.grpc:grpc-grpclb,https://github.com/grpc/grpc-java/blob/master/NOTICE.txt
io.grpc:grpc-netty-shaded,https://github.com/grpc/grpc-java/blob/master/NOTICE.txt
io.grpc:grpc-protobuf,https://github.com/grpc/grpc-java/blob/master/NOTICE.txt
io.grpc:grpc-protobuf-lite,https://github.com/grpc/grpc-java/blob/master/NOTICE.txt
io.grpc:grpc-stub,https://github.com/grpc/grpc-java/blob/master/NOTICE.txt
org.javassist:javassist,https://github.com/jboss-javassist/javassist/blob/master/README.md
com.ning:async-http-client,https://github.com/AsyncHttpClient/async-http-client/blob/master/LICENSE.txt
com.ning:compress-lzf,https://github.com/ning/compress/blob/master/LICENSE
io.dropwizard.metrics:metrics-graphite,https://github.com/dropwizard/dropwizard/blob/master/LICENSE
io.dropwizard.metrics:metrics-jvm,https://github.com/dropwizard/dropwizard/blob/master/LICENSE
io.dropwizard.metrics:metrics-json,https://github.com/dropwizard/dropwizard/blob/master/LICENSE
com.yammer.metrics:metrics-annotation,https://github.com/infusionsoft/yammer-metrics/blob/master/LICENSE
com.codahale.metrics:metrics-core,https://github.com/dropwizard/dropwizard/blob/master/LICENSE
io.dropwizard.metrics:metrics-core,https://github.com/dropwizard/dropwizard/blob/master/LICENSE
com.yammer.metrics:metrics-core,https://github.com/infusionsoft/yammer-metrics/blob/master/LICENSE
com.github.spullara.mustache.java:compiler,https://github.com/spullara/mustache.java/blob/master/LICENSE
org.iq80.snappy:snappy,https://github.com/dain/snappy/blob/master/notice.md
io.swagger:swagger-annotations,https://github.com/swagger-api/swagger-core/blob/master/LICENSE
org.twitter4j:twitter4j-core,https://github.com/Twitter4J/Twitter4J/blob/blob/master/LICENSE.txt
org.twitter4j:twitter4j-stream,https://github.com/Twitter4J/Twitter4J/blob/blob/master/LICENSE.txt
org.mortbay.jetty:jetty-sslengine,https://github.com/eclipse/jetty.project/jetty-9.4.x/NOTICE.txt
com.github.filosganga:geogson-core,https://github.com/filosganga/geogson/blob/master/LICENSE
org.mortbay.jetty:jsp-api-2.1,https://github.com/eclipse/jetty.project/jetty-9.4.x/NOTICE.txt
org.mortbay.jetty:servlet-api,https://github.com/eclipse/jetty.project/jetty-9.4.x/NOTICE.txt
org.yaml:snakeyaml,https://github.com/spariev/snakeyaml/blob/blob/master/LICENSE.txt
org.apache.httpcomponents:httpclient,https://github.com/apache/httpcomponents-client/blob/master/NOTICE.txt
org.apache.httpcomponents:httpmime,https://github.com/apache/httpcomponents-client/blob/master/NOTICE.txt
org.apache.httpcomponents:httpcore,https://github.com/apache/httpcomponents-client/blob/master/NOTICE.txt
commons-httpclient:commons-httpclient,https://github.com/albfernandez/commons-httpclient-3/blob/master/NOTICE.txt
org.tachyonproject:tachyon-client,https://github.com/Alluxio/alluxio/blob/master/NOTICE
org.tachyonproject:tachyon-underfs-hdfs,https://github.com/Alluxio/alluxio/blob/master/NOTICE
org.tachyonproject:tachyon-underfs-local,https://github.com/Alluxio/alluxio/blob/master/NOTICE
org.tachyonproject:tachyon-underfs-s3,https://github.com/Alluxio/alluxio/blob/master/NOTICE
org.glassfish.jersey.containers:jersey-container-servlet,https://github.com/jersey/jersey/blob/master/NOTICE.txt
org.glassfish.jersey.containers:jersey-container-servlet-core,https://github.com/jersey/jersey/blob/master/NOTICE.txt
org.glassfish.jersey.media:jersey-media-jaxb,https://github.com/jersey/jersey/blob/master/NOTICE.txt
org.glassfish.jersey.core:jersey-server,https://github.com/jersey/jersey/blob/master/NOTICE.txt
com.amazonaws:aws-java-sdk-kms,https://github.com/aws/aws-sdk-java/blob/master/NOTICE.txt
com.amazonaws:aws-java-sdk-ec2,https://github.com/aws/aws-sdk-java/blob/master/NOTICE.txt
com.amazonaws:aws-java-sdk-emr,https://github.com/aws/aws-sdk-java/blob/master/NOTICE.txt
com.amazonaws:aws-java-sdk-s3,https://github.com/aws/aws-sdk-java/blob/master/NOTICE.txt
com.amazonaws:aws-java-sdk-core,https://github.com/aws/aws-sdk-java/blob/master/NOTICE.txt
net.java.dev.jets3t:jets3t,https://github.com/ashwanthkumar/jets3t/blob/blob/master/LICENSE-2.0.txt
commons-beanutils:commons-beanutils,https://github.com/apache/commons-beanutils/blob/master/NOTICE.txt
org.apache.commons:commons-csv,https://github.com/apache/commons-csv/blob/master/NOTICE.txt
commons-codec:commons-codec,https://github.com/apache/commons-codec/blob/master/NOTICE.txt
commons-collections:commons-collections,https://github.com/apache/commons-collections/blob/master/NOTICE.txt
org.apache.commons:commons-collections4,https://github.com/apache/commons-collections/blob/master/NOTICE.txt
org.apache.commons:commons-compress,https://github.com/apache/commons-compress/blob/master/NOTICE.txt
org.apache.commons:commons-crypto,https://github.com/apache/commons-crypto/blob/master/NOTICE.txt
org.apache.commons:commons-dbcp2,https://github.com/apache/commons-dbcp/blob/master/NOTICE.txt
commons-io:commons-io,https://github.com/apache/commons-io/blob/master/NOTICE.txt
org.apache.commons:commons-jexl3,https://github.com/apache/commons-jexl/blob/master/NOTICE.txt
org.apache.commons:commons-lang3,https://github.com/apache/commons-lang/blob/master/NOTICE.txt
org.apache.commons:commons-math3,https://github.com/apache/commons-math/blob/master/NOTICE.txt
org.apache.commons:commons-pool2,https://github.com/apache/commons-pool/blob/master/NOTICE.txt
commons-validator:commons-validator,https://github.com/apache/commons-validator/blob/master/NOTICE.txt
org.apache.hbase:hbase-shaded-client,https://github.com/apache/hbase/blob/master/NOTICE.txt
org.apache.hbase:hbase-shaded-server,https://github.com/apache/hbase/blob/master/NOTICE.txt
org.apache.hadoop:hadoop-aws,https://github.com/apache/hadoop/trunk/NOTICE.txt
org.apache.hadoop:hadoop-annotations,https://github.com/apache/hadoop/trunk/NOTICE.txt
org.apache.hadoop:hadoop-auth,https://github.com/apache/hadoop/trunk/NOTICE.txt
org.apache.hadoop:hadoop-azure-datalake,https://github.com/apache/hadoop/trunk/NOTICE.txt
org.apache.hadoop:hadoop-azure,https://github.com/apache/hadoop/trunk/NOTICE.txt
org.apache.hadoop:hadoop-common,https://github.com/apache/hadoop/trunk/NOTICE.txt
org.apache.hadoop:hadoop-hdfs,https://github.com/apache/hadoop/trunk/NOTICE.txt
org.apache.hadoop:hadoop-mapreduce-client-core,https://github.com/apache/hadoop/trunk/NOTICE.txt
org.apache.hadoop:hadoop-yarn-api,https://github.com/apache/hadoop/trunk/NOTICE.txt
org.apache.hadoop:hadoop-yarn-common,https://github.com/apache/hadoop/trunk/NOTICE.txt
org.apache.hadoop:hadoop-yarn-server-common,https://github.com/apache/hadoop/trunk/NOTICE.txt
org.apache.httpcomponents:httpasyncclient,https://github.com/apache/httpcomponents-client/blob/master/NOTICE.txt
org.apache.httpcomponents:httpcore-nio,https://github.com/apache/httpcomponents-client/blob/master/NOTICE.txt
org.apache.logging.log4j:log4j-api,https://github.com/apache/logging-log4j2/blob/master/NOTICE.txt
org.jboss.resteasy:async-http-servlet-3.0,https://github.com/resteasy/Resteasy/blob/blob/master/License.html
javax.validation:validation-api,https://github.com/eclipse-ee4j/beanvalidation-api/blob/master/NOTICE.md
org.apache.calcite:calcite-avatica,https://github.com/apache/calcite-avatica/blob/master/NOTICE
org.apache.calcite:calcite-core,https://github.com/apache/calcite-avatica/blob/master/NOTICE
org.apache.calcite:calcite-linq4j,https://github.com/apache/calcite-avatica/blob/master/NOTICE
io.thekraken:grok,https://github.com/thekrakken/grok/blob/master/LICENSE.md
org.hibernate:hibernate-validator,https://github.com/hibernate/hibernate-validator/blob/blob/master/license.txt
org.apache.hive:hive-storage-api,https://github.com/apache/hive/blob/master/NOTICE
org.jboss.resteasy:jaxrs-api,https://github.com/resteasy/Resteasy/blob/blob/master/License.html
com.amazonaws:jmespath-java,https://github.com/aws/aws-sdk-java/blob/master/NOTICE.txt
org.codehaus.jettison:jettison,https://github.com/jettison-json/jettison/blob/blob/master/LICENSE
com.addthis.metrics:reporter-config,https://github.com/addthis/metrics-reporter-config/blob/master/NOTICE
io.netty:netty,https://github.com/netty/netty/4.1/NOTICE.txt
io.netty:netty-all,https://github.com/netty/netty/4.1/NOTICE.txt
io.netty:netty-buffer,https://github.com/netty/netty/4.1/NOTICE.txt
io.netty:netty-codec,https://github.com/netty/netty/4.1/NOTICE.txt
io.netty:netty-codec-http,https://github.com/netty/netty/4.1/NOTICE.txt
io.netty:netty-common,https://github.com/netty/netty/4.1/NOTICE.txt
io.netty:netty-handler,https://github.com/netty/netty/4.1/NOTICE.txt
io.netty:netty-resolver,https://github.com/netty/netty/4.1/NOTICE.txt
io.netty:netty-transport,https://github.com/netty/netty/4.1/NOTICE.txt
org.noggit:noggit,https://github.com/yonik/noggit/blob/blob/master/LICENSE.txt
org.apache.orc:orc-core,https://github.com/apache/orc/blob/master/NOTICE
org.apache.orc:orc-mapreduce,https://github.com/apache/orc/blob/master/NOTICE
nl.basjes.parse.httpdlog:httpdlog-parser,https://github.com/nielsbasjes/logparser/blob/blob/master/LICENSE
nl.basjes.parse:parser-core,https://github.com/nielsbasjes/logparser/blob/blob/master/LICENSE
org.jboss.resteasy:resteasy-jaxrs,https://github.com/resteasy/Resteasy/blob/blob/master/License.html
org.jboss.resteasy:resteasy-guice,https://github.com/resteasy/Resteasy/blob/blob/master/License.html
org.jboss.resteasy:resteasy-servlet-initializer,https://github.com/resteasy/Resteasy/blob/blob/master/License.html
net.sf.supercsv:super-csv,https://github.com/super-csv/super-csv/blob/blob/master/LICENSE.txt
org.uncommons.maths:uncommons-maths,https://github.com/dwdyer/uncommons-maths/blob/master/NOTICE.txt
com.typesafe.akka:akka-actor_2.10,https://github.com/akka/akka/blob/blob/master/LICENSE
com.typesafe.akka:akka-remote_2.10,https://github.com/akka/akka/blob/blob/master/LICENSE
com.typesafe.akka:akka-slf4j_2.10,https://github.com/akka/akka/blob/blob/master/LICENSE
com.google.cloud.bigdataoss:bigquery-connector,https://github.com/GoogleCloudPlatform/bigdata-interop/blob/blob/master/LICENSE
net.hydromatic:eigenbase-properties,https://github.com/julianhyde/hydromatic-parent/blob/master/NOTICE
it.unimi.dsi:fastutil,https://github.com/vigna/fastutil/blob/blob/master/LICENSE-2.0
com.google.cloud.bigdataoss:gcs-connector,https://github.com/GoogleCloudPlatform/bigdata-interop/blob/blob/master/LICENSE
com.google.cloud.bigdataoss:gcsio,https://github.com/GoogleCloudPlatform/bigdata-interop/blob/blob/master/LICENSE
com.jamesmurty.utils:java-xmlbuilder,https://github.com/jmurty/java-xmlbuilder/blob/blob/master/LICENSE-2.0.txt
com.github.tony19:named-regexp,https://github.com/tony19/named-regexp/blob/blob/master/LICENSE
com.opentable.components:otj-pg-embedded,https://github.com/opentable/otj-pg-embedded/blob/master/LICENSE.txt
com.clearspring.analytics:stream,https://github.com/addthis/stream-lib/blob/master/NOTICE.txt
com.google.cloud.bigdataoss:util,https://github.com/GoogleCloudPlatform/bigdata-interop/blob/blob/master/LICENSE
com.google.cloud.bigdataoss:util-hadoop,https://github.com/GoogleCloudPlatform/bigdata-interop/blob/blob/master/LICENSE
org.eclipse.jetty:jetty-continuation,https://github.com/eclipse/jetty.project/jetty-9.4.x/NOTICE.txt
org.eclipse.jetty:jetty-http,https://github.com/eclipse/jetty.project/jetty-9.4.x/NOTICE.txt
org.eclipse.jetty:jetty-io,https://github.com/eclipse/jetty.project/jetty-9.4.x/NOTICE.txt
org.eclipse.jetty:jetty-jaspi,https://github.com/eclipse/jetty.project/jetty-9.4.x/NOTICE.txt
org.eclipse.jetty:jetty-jndi,https://github.com/eclipse/jetty.project/jetty-9.4.x/NOTICE.txt
org.eclipse.jetty:jetty-plus,https://github.com/eclipse/jetty.project/jetty-9.4.x/NOTICE.txt
org.eclipse.jetty:jetty-security,https://github.com/eclipse/jetty.project/jetty-9.4.x/NOTICE.txt
org.eclipse.jetty:jetty-server,https://github.com/eclipse/jetty.project/jetty-9.4.x/NOTICE.txt
org.eclipse.jetty:jetty-servlet,https://github.com/eclipse/jetty.project/jetty-9.4.x/NOTICE.txt
org.eclipse.jetty:jetty-util,https://github.com/eclipse/jetty.project/jetty-9.4.x/NOTICE.txt
org.eclipse.jetty:jetty-webapp,https://github.com/eclipse/jetty.project/jetty-9.4.x/NOTICE.txt
org.eclipse.jetty:jetty-xml,https://github.com/eclipse/jetty.project/jetty-9.4.x/NOTICE.txt
org.eclipse.jetty.orbit:javax.activation,https://github.com/eclipse/jetty.project/jetty-9.4.x/NOTICE.txt
org.eclipse.jetty.orbit:javax.mail.glassfish,https://github.com/eclipse/jetty.project/jetty-9.4.x/NOTICE.txt
org.eclipse.jetty.orbit:javax.security.auth.message,https://github.com/eclipse/jetty.project/jetty-9.4.x/NOTICE.txt
org.eclipse.jetty.orbit:javax.servlet,https://github.com/eclipse/jetty.project/jetty-9.4.x/NOTICE.txt
org.eclipse.jetty.orbit:javax.transaction,https://github.com/eclipse/jetty.project/jetty-9.4.x/NOTICE.txt
org.mortbay.jetty:jetty,https://github.com/eclipse/jetty.project/jetty-9.4.x/NOTICE.txt
org.mortbay.jetty:jetty-util,https://github.com/eclipse/jetty.project/jetty-9.4.x/NOTICE.txt
org.slf4j:log4j-over-slf4j,https://github.com/qos-ch/slf4j/blob/master/LICENSE.txt
com.jolbox:bonecp,https://github.com/wwadge/bonecp/blob/master/NOTICE
com.google.api.grpc:grpc-google-common-protos,https://github.com/googleapis/google-cloud-java/blob/master/LICENSE
com.google.api.grpc:proto-google-common-protos,https://github.com/googleapis/google-cloud-java/blob/master/LICENSE
com.google.cloud:google-cloud-bigquery,https://github.com/googleapis/google-cloud-java/blob/master/LICENSE
com.google.cloud:google-cloud-core,https://github.com/googleapis/google-cloud-java/blob/master/LICENSE
com.google.cloud:google-cloud-core-http,https://github.com/googleapis/google-cloud-java/blob/master/LICENSE
com.google.cloud:google-cloud-core-grpc,https://github.com/googleapis/google-cloud-java/blob/master/LICENSE
com.google.cloud:google-cloud-dataproc,https://github.com/googleapis/google-cloud-java/blob/master/LICENSE
com.google.cloud:google-cloud-datastore,https://github.com/googleapis/google-cloud-java/blob/master/LICENSE
com.google.cloud:google-cloud-pubsub,https://github.com/googleapis/google-cloud-java/blob/master/LICENSE
com.google.cloud:google-cloud-spanner,https://github.com/googleapis/google-cloud-java/blob/master/LICENSE
com.google.cloud:google-cloud-speech,https://github.com/googleapis/google-cloud-java/blob/master/LICENSE
com.google.cloud:google-cloud-storage,https://github.com/googleapis/google-cloud-java/blob/master/LICENSE
com.google.api.grpc:grpc-google-cloud-dataproc-v1,https://github.com/googleapis/google-cloud-java/blob/master/LICENSE
com.google.api.grpc:grpc-google-cloud-dataproc-v1beta2,https://github.com/googleapis/google-cloud-java/blob/master/LICENSE
com.google.api.grpc:grpc-google-cloud-pubsub-v1,https://github.com/googleapis/google-cloud-java/blob/master/LICENSE
com.google.api.grpc:grpc-google-cloud-spanner-admin-database-v1,https://github.com/googleapis/google-cloud-java/blob/master/LICENSE
com.google.api.grpc:grpc-google-cloud-spanner-admin-instance-v1,https://github.com/googleapis/google-cloud-java/blob/master/LICENSE
com.google.api.grpc:grpc-google-cloud-spanner-v1,https://github.com/googleapis/google-cloud-java/blob/master/LICENSE
com.google.api.grpc:proto-google-cloud-dataproc-v1,https://github.com/googleapis/google-cloud-java/blob/master/LICENSE
com.google.api.grpc:proto-google-cloud-dataproc-v1beta2,https://github.com/googleapis/google-cloud-java/blob/master/LICENSE
com.google.api.grpc:proto-google-cloud-datastore-v1,https://github.com/googleapis/google-cloud-java/blob/master/LICENSE
com.google.api.grpc:proto-google-cloud-pubsub-v1,https://github.com/googleapis/google-cloud-java/blob/master/LICENSE
com.google.api.grpc:proto-google-cloud-spanner-admin-database-v1,https://github.com/googleapis/google-cloud-java/blob/master/LICENSE
com.google.api.grpc:proto-google-cloud-spanner-admin-instance-v1,https://github.com/googleapis/google-cloud-java/blob/master/LICENSE
com.google.api.grpc:proto-google-cloud-spanner-v1,https://github.com/googleapis/google-cloud-java/blob/master/LICENSE
com.google.api.grpc:proto-google-cloud-speech-v1p1beta1,https://github.com/googleapis/google-cloud-java/blob/master/LICENSE
com.google.api.grpc:proto-google-iam-v1,https://github.com/googleapis/google-cloud-java/blob/master/LICENSE
com.github.luben:zstd-jni,https://github.com/luben/zstd-jni/blob/master/LICENSE
com.github.fommil.netlib:core,https://github.com/fommil/netlib-java/blob/master/LICENSE.txt
org.abego.treelayout:org.abego.treelayout.core,https://github.com/abego/treelayout/blob/master/LICENSE
org.jpmml:pmml-agent,https://github.com/jpmml/jpmml-model/blob/master/NOTICE.txt
org.jpmml:pmml-model,https://github.com/jpmml/jpmml-model/blob/master/NOTICE.txt
org.jpmml:pmml-schema,https://github.com/jpmml/jpmml-model/blob/master/NOTICE.txt
org.scala-lang:scala-compiler,https://github.com/scala/scala/2.13.x/NOTICE
org.scala-lang:scala-reflect,https://github.com/scala/scala/2.13.x/NOTICE
org.scala-lang:scala-library,https://github.com/scala/scala/2.13.x/NOTICE
org.scala-lang:scalap,https://github.com/scala/scala/2.13.x/NOTICE
org.threeten:threetenbp,https://github.com/ThreeTen/threetenbp/blob/master/LICENSE.txt
org.scala-lang.modules:scala-parser-combinators_2.11,https://github.com/scala/scala/2.13.x/NOTICE
org.scala-lang.modules:scala-xml_2.11,https://github.com/scala/scala/2.13.x/NOTICE
antlr:antlr,https://github.com/antlr/antlr4/blob/master/LICENSE.txt
com.github.virtuald:curvesapi,https://github.com/virtuald/curvesapi/blob/master/license.txt
com.google.auth:google-auth-library-credentials,https://github.com/googleapis/google-auth-library-java/blob/master/LICENSE
com.google.auth:google-auth-library-oauth2-http,https://github.com/googleapis/google-auth-library-java/blob/master/LICENSE
org.antlr:antlr-runtime,https://github.com/antlr/antlr4/blob/master/LICENSE.txt
org.antlr:ST4,https://github.com/antlr/antlr4/blob/master/LICENSE.txt
org.antlr:stringtemplate,https://github.com/antlr/antlr4/blob/master/LICENSE.txt
org.hamcrest:hamcrest-all,https://github.com/hamcrest/JavaHamcrest/blob/master/LICENSE.txt
org.owasp.esapi:esapi,https://github.com/ESAPI/esapi-java/blob/master/LICENSE
com.google.api:api-common,https://github.com/googleapis/api-common-java/blob/master/LICENSE
com.google.api:gax-grpc,https://github.com/googleapis/gax-java/blob/master/LICENSE
com.google.api:gax-httpjson,https://github.com/googleapis/gax-java/blob/master/LICENSE
com.google.api:gax,https://github.com/googleapis/gax-java/blob/master/LICENSE
jline:jline,https://github.com/jline/jline1/blob/master/LICENSE.txt
com.jcraft:jsch,https://github.com/is/jsch/blob/master/LICENSE.txt
com.thoughtworks.paranamer:paranamer,https://github.com/paul-hammant/paranamer/blob/master/LICENSE.txt
org.postgresql:postgresql,https://github.com/pgjdbc/pgjdbc/blob/master/LICENSE
org.scala-lang:jline,https://github.com/scala/scala-jline/scala-jline/LICENSE.txt
org.scalamacros:quasiquotes_2.10,https://github.com/scalamacros/paradise/2.12.8/LICENSE.md
org.bouncycastle:bcpkix-jdk15on,https://github.com/bcgit/bc-java/blob/master/LICENSE.html
org.bouncycastle:bcprov-ext-jdk15on,https://github.com/bcgit/bc-java/blob/master/LICENSE.html
org.bouncycastle:bcprov-jdk15on,https://github.com/bcgit/bc-java/blob/master/LICENSE.html
bouncycastle:bcprov-jdk15,https://github.com/bcgit/bc-java/blob/master/LICENSE.html
org.glassfish.hk2:hk2-api,https://github.com/eclipse-ee4j/glassfish-ha-api/blob/master/LICENSE.md
org.glassfish.hk2:hk2-utils,https://github.com/eclipse-ee4j/glassfish-hk2/blob/master/NOTICE.md
org.glassfish.hk2:osgi-resource-locator,https://github.com/eclipse-ee4j/glassfish-hk2-extra/blob/master/NOTICE.md
org.glassfish.hk2:hk2-locator,https://github.com/eclipse-ee4j/glassfish-hk2/blob/master/NOTICE.md
org.glassfish.hk2.external:aopalliance-repackaged,https://github.com/eclipse-ee4j/glassfish-hk2/blob/master/NOTICE.md
org.glassfish.hk2.external:javax.inject,https://github.com/eclipse-ee4j/glassfish-hk2/blob/master/NOTICE.md
org.glassfish:javax.servlet,https://github.com/eclipse-ee4j/glassfish-hk2/blob/master/NOTICE.md
org.mortbay.jetty:jsp-2.1,https://github.com/eclipse/jetty.project/jetty-9.4.x/NOTICE.txt
org.mortbay.jetty:servlet-api-2.5,https://github.com/eclipse/jetty.project/jetty-9.4.x/NOTICE.txt
javax.xml.bind:jaxb-api,https://github.com/javaee/jaxb-spec/blob/master/LICENSE.txt
com.sun.xml.bind:jaxb-core,https://github.com/javaee/jaxb-spec/blob/master/LICENSE.txt
com.sun.xml.bind:jaxb-impl,https://github.com/javaee/jaxb-spec/blob/master/LICENSE.txt
com.sun.jersey.jersey-test-framework:jersey-test-framework-core,https://github.com/jersey/jersey-1.x/blob/master/license.html
com.sun.jersey.jersey-test-framework:jersey-test-framework-grizzly2,https://github.com/jersey/jersey-1.x/blob/master/license.html
javax.ws.rs:javax.ws.rs-api,https://github.com/jax-rs/api/blob/master/LICENSE.txt
com.sun.jersey:jersey-client,https://github.com/jersey/jersey-1.x/blob/master/license.html
com.sun.jersey:jersey-core,https://github.com/jersey/jersey-1.x/blob/master/license.html
com.sun.jersey:jersey-grizzly2,https://github.com/jersey/jersey-1.x/blob/master/license.html
com.sun.jersey.contribs:jersey-guice,https://github.com/jersey/jersey-1.x/blob/master/license.html
com.sun.jersey:jersey-json,https://github.com/jersey/jersey-1.x/blob/master/license.html
com.sun.jersey:jersey-server,https://github.com/jersey/jersey-1.x/blob/master/license.html
org.jboss.spec.javax.annotation:jboss-annotations-api_1.1_spec,https://github.com/jboss/jboss-annotations-api_spec/blob/master/LICENSE
org.glassfish.jersey.bundles.repackaged:jersey-guava,https://github.com/jersey/jersey/blob/master/NOTICE.txt
org.glassfish.gmbal:gmbal-api-only,https://github.com/javaee/gmbal/blob/master/LICENSE
org.glassfish.grizzly:grizzly-framework,https://github.com/javaee/grizzly/blob/master/LICENSE.txt
org.glassfish.grizzly:grizzly-http,https://github.com/javaee/grizzly/blob/master/LICENSE.txt
org.glassfish.grizzly:grizzly-http-server,https://github.com/javaee/grizzly/blob/master/LICENSE.txt
org.glassfish.grizzly:grizzly-http-servlet,https://github.com/javaee/grizzly/blob/master/LICENSE.txt
org.glassfish.grizzly:grizzly-rcm,https://github.com/javaee/grizzly/blob/master/LICENSE.txt
org.glassfish.external:management-api,https://github.com/javaee/grizzly/blob/master/LICENSE.txt
javax.xml.stream:stax-api,https://github.com/apache/servicemix-specs/blob/master/NOTICE.txt
javax.annotation:jsr250-api,https://github.com/apache/servicemix-specs/blob/master/NOTICE.txt
javax.activation:activation,https://github.com/apache/servicemix-specs/blob/master/NOTICE.txt
javax.mail:mail,https://github.com/apache/servicemix-specs/blob/master/NOTICE.txt
org.glassfish:javax.json,https://github.com/javaee/jsonp/blob/master/copyright.txt
ch.qos.logback:logback-classic,https://github.com/qos-ch/logback/blob/master/LICENSE.txt
ch.qos.logback:logback-core,https://github.com/qos-ch/logback/blob/master/LICENSE.txt
org.eclipse.jdt:core,https://github.com/eclipse/eclipse.jdt.core/blob/master/NOTICE
com.unboundid:unboundid-ldapsdk,https://github.com/pingidentity/ldapsdk/blob/blob/master/LICENSE-UnboundID-LDAPSDK.txt
ca.uhn.hapi:hapi-base,https://github.com/jamesagnew/hapi-fhir/blob/master/NOTICE.txt
ca.uhn.hapi:hapi-structures-v26,https://github.com/jamesagnew/hapi-fhir/blob/master/NOTICE.txt
org.checkerframework:checker-qual,https://github.com/typetools/checker-framework/blob/master/LICENSE.txt
org.beanshell:bsh-core,https://github.com/beanshell/beanshell/blob/master/NOTICE
com.github.spotbugs:spotbugs-annotations,https://github.com/spotbugs/spotbugs/blob/master/LICENSE
org.codehaus.jackson:jackson-jaxrs,https://github.com/codehaus/jackson/blob/master/README.txt
org.codehaus.jackson:jackson-xc,https://github.com/codehaus/jackson/blob/master/README.txt
net.sf.uadetector:uadetector-core,https://github.com/arouel/uadetector/blob/master/LICENSE.txt
com.fasterxml.jackson.core:jackson-annotations,https://github.com/FasterXML/jackson-core/blob/blob/master/LICENSE
com.fasterxml.jackson.core:jackson-core,https://github.com/FasterXML/jackson-core/blob/blob/master/LICENSE
com.fasterxml.jackson.core:jackson-databind,https://github.com/FasterXML/jackson-core/blob/blob/master/LICENSE
jcifs:jcifs,https://github.com/codelibs/jcifs/blob/master/LICENSE
com.github.rwl:jtransforms,https://github.com/wendykierp/JTransforms/blob/master/LICENSE
com.j256.simplemagic:simplemagic,https://github.com/j256/simplemagic/blob/master/LICENSE.txt
org.mindrot:jbcrypt,https://github.com/jeremyh/jBCrypt/blob/master/LICENSE
com.microsoft.azure:azure-data-lake-store-sdk,https://github.com/Azure/azure-sdk-for-java/blob/master/LICENSE.txt
org.slf4j:jcl-over-slf4j,https://github.com/qos-ch/slf4j/blob/master/LICENSE.txt
org.jruby.jcodings:jcodings,https://github.com/jruby/jcodings/blob/master/LICENSE.txt
org.slf4j:jul-to-slf4j,https://github.com/qos-ch/slf4j/blob/master/LICENSE.txt
com.joestelmach:natty,https://github.com/joestelmach/natty/blob/master/LICENSE
org.slf4j:slf4j-api,https://github.com/qos-ch/slf4j/blob/master/LICENSE.txt
org.slf4j:slf4j-log4j12,https://github.com/qos-ch/slf4j/blob/master/LICENSE.txt
com.github.stephenc.eaio-uuid:uuid,https://github.com/stephenc/eaio-uuid/blob/master/copying.txt
org.hectorclient:hector-core,https://github.com/hector-client/hector/blob/master/LICENSE
com.boundary:high-scale-lib,https://github.com/boundary/high-scale-lib
net.razorvine:pyrolite,https://github.com/irmen/Pyrolite/blob/master/LICENSE
org.typelevel:machinist_2.11,https://github.com/typelevel/machinist/blob/master/COPYING
com.googlecode.juniversalchardet:juniversalchardet,https://github.com/albfernandez/juniversalchardet/blob/blob/master/MPL-1.1.txt
org.jamon:jamon-runtime,https://github.com/apache/hive/blob/master/binary-package-licenses/org.jamon.jamon-runtime-LICENSE
org.codehaus.janino:commons-compiler,https://github.com/janino-compiler/janino/blob/master/LICENSE
org.hamcrest:hamcrest-core,https://github.com/hamcrest/JavaHamcrest/blob/master/LICENSE.txt
org.codehaus.janino:janino,https://github.com/janino-compiler/janino/blob/master/LICENSE
com.esotericsoftware.kryo:kryo,https://github.com/EsotericSoftware/kryo/blob/master/LICENSE.md
com.esotericsoftware:kryo-shaded,https://github.com/EsotericSoftware/kryo/blob/master/LICENSE.md
com.esotericsoftware.minlog:minlog,https://github.com/EsotericSoftware/minlog/blob/master/license.txt
com.esotericsoftware:minlog,https://github.com/EsotericSoftware/minlog/blob/master/license.txt
com.esotericsoftware.reflectasm:reflectasm,https://github.com/EsotericSoftware/reflectasm/blob/master/license.txt
org.unix4j:unix4j-base,https://github.com/tools4j/unix4j/blob/master/LICENSE.md
org.unix4j:unix4j-command,https://github.com/tools4j/unix4j/blob/master/LICENSE.md
org.tukaani:xz,https://github.com/sesuncedu/xz/blob/master/COPYING
org.hdrhistogram:HdrHistogram,https://github.com/HdrHistogram/HdrHistogram/blob/master/LICENSE.txt
io.dataapps.chlorine:chlorine-finder,https://github.com/dataApps/chlorine-finder/blob/master/LICENSE.md
io.opencensus:opencensus-api,https://github.com/census-instrumentation/opencensus-java/blob/blob/master/LICENSE
io.opencensus:opencensus-contrib-grpc-metrics,https://github.com/census-instrumentation/opencensus-java/blob/blob/master/LICENSE
io.opencensus:opencensus-contrib-http-util,https://github.com/census-instrumentation/opencensus-java/blob/blob/master/LICENSE
org.spark-project.spark:unused,https://github.com/apache/spark/blob/master/NOTICE
software.amazon.ion:ion-java,https://github.com/amzn/ion-java/blob/master/NOTICE
net.minidev:accessors-smart,https://github.com/netplex/json-smart-v2/blob/blob/master/LICENSE
org.apache.ant:ant,https://github.com/apache/ant/blob/master/NOTICE
org.apache.ant:ant-launcher,https://github.com/apache/ant/blob/master/NOTICE
org.apache.avro:avro,https://github.com/apache/avro/blob/master/NOTICE.txt
org.apache.avro:avro-ipc,https://github.com/apache/avro/blob/master/NOTICE.txt
org.apache.avro:avro-mapred,https://github.com/apache/avro/blob/master/NOTICE.txt
org.apache.cassandra:cassandra-all,https://github.com/apache/cassandra/blob/trunk/LICENSE.txt
org.apache.cassandra:cassandra-thrift,https://github.com/apache/cassandra/blob/trunk/LICENSE.txt
commons-logging:commons-logging,https://github.com/apache/commons-logging/blob/master/NOTICE.txt
org.apache.curator:apache-curator,https://github.com/apache/curator/blob/master/NOTICE
org.apache.directory.api:api-all,https://github.com/apache/directory-server/blob/master/NOTICE
org.apache.directory.api:api-ldap-client-api,https://github.com/apache/directory-server/blob/master/NOTICE
org.apache.directory.api:api-ldap-codec-core,https://github.com/apache/directory-server/blob/master/NOTICE
org.apache.directory.api:api-ldap-extras-aci,https://github.com/apache/directory-server/blob/master/NOTICE
org.apache.directory.api:api-ldap-extras-codec,https://github.com/apache/directory-server/blob/master/NOTICE
org.apache.directory.api:api-ldap-extras-codec-api,https://github.com/apache/directory-server/blob/master/NOTICE
org.apache.directory.api:api-ldap-extras-sp,https://github.com/apache/directory-server/blob/master/NOTICE
org.apache.directory.api:api-ldap-extras-trigger,https://github.com/apache/directory-server/blob/master/NOTICE
org.apache.directory.api:api-ldap-extras-util,https://github.com/apache/directory-server/blob/master/NOTICE
org.apache.directory.api:api-i18n,https://github.com/apache/directory-server/blob/master/NOTICE
org.apache.directory.api:api-ldap-model,https://github.com/apache/directory-server/blob/master/NOTICE
org.apache.directory.api:api-util,https://github.com/apache/directory-server/blob/master/NOTICE
log4j:apache-log4j-extras,https://github.com/apache/log4j/trunk/NOTICE
org.apache.geronimo.components:geronimo-jaspi,https://github.com/apache/geronimo-safeguard/blob/master/NOTICE
org.codehaus.groovy:groovy-all,https://github.com/apache/groovy/blob/master/NOTICE
org.apache.hbase:hbase-annotations,https://github.com/apache/hbase/blob/master/NOTICE.txt
org.apache.hbase:hbase-client,https://github.com/apache/hbase/blob/master/NOTICE.txt
org.apache.hbase:hbase-common,https://github.com/apache/hbase/blob/master/NOTICE.txt
org.apache.hbase:hbase-hadoop-compat,https://github.com/apache/hbase/blob/master/NOTICE.txt
org.apache.hbase:hbase-hadoop2-compat,https://github.com/apache/hbase/blob/master/NOTICE.txt
org.apache.hbase:hbase-prefix-tree,https://github.com/apache/hbase/blob/master/NOTICE.txt
org.apache.hbase:hbase-procedure,https://github.com/apache/hbase/blob/master/NOTICE.txt
org.apache.hbase:hbase-protocol,https://github.com/apache/hbase/blob/master/NOTICE.txt
org.apache.hbase:hbase-server,https://github.com/apache/hbase/blob/master/NOTICE.txt
org.apache.hbase:hbase-testing-util,https://github.com/apache/hbase/blob/master/NOTICE.txt
com.google.http-client:google-http-client-apache,https://github.com/googleapis/google-http-java-client/blob/blob/master/LICENSE
org.apache.hadoop:hadoop-archives,https://github.com/apache/hadoop/trunk/NOTICE.txt
org.apache.hadoop:hadoop-client,https://github.com/apache/hadoop/trunk/NOTICE.txt
org.apache.hadoop:hadoop-minicluster,https://github.com/apache/hadoop/trunk/NOTICE.txt
org.apache.hadoop:hadoop-minikdc,https://github.com/apache/hadoop/trunk/NOTICE.txt
org.apache.ivy:ivy,https://github.com/apache/ant-ivy/blob/master/NOTICE
org.apache.kafka:kafka-clients,https://github.com/apache/kafka/trunk/LICENSE
org.apache.kafka:kafka_2.11,https://github.com/apache/kafka/trunk/LICENSE
log4j:log4j,https://github.com/apache/log4j/trunk/NOTICE
org.apache.poi:poi-ooxml-schemas,https://github.com/apache/poi
org.apache.poi:poi-ooxml,https://github.com/apache/poi
org.apache.poi:poi,https://github.com/apache/poi
org.apache.parquet:parquet-avro,https://github.com/apache/parquet-mr/blob/master/NOTICE
org.apache.parquet:parquet-column,https://github.com/apache/parquet-mr/blob/master/NOTICE
org.apache.parquet:parquet-common,https://github.com/apache/parquet-mr/blob/master/NOTICE
org.apache.parquet:parquet-encoding,https://github.com/apache/parquet-mr/blob/master/NOTICE
org.apache.parquet:parquet-format,https://github.com/apache/parquet-mr/blob/master/NOTICE
org.apache.parquet:parquet-generator,https://github.com/apache/parquet-mr/blob/master/NOTICE
org.apache.parquet:parquet-hadoop,https://github.com/apache/parquet-mr/blob/master/NOTICE
org.apache.parquet:parquet-jackson,https://github.com/apache/parquet-mr/blob/master/NOTICE
org.apache.tephra:tephra-core,https://github.com/apache/incubator-tephra/blob/master/NOTICE
org.apache.tephra:tephra-hbase-compat-1.0,https://github.com/apache/incubator-tephra/blob/master/NOTICE
org.apache.thrift:libfb303,https://github.com/apache/thrift/blob/master/NOTICE
org.apache.thrift:libthrift,https://github.com/apache/thrift/blob/master/NOTICE
org.apache.twill:twill-api,https://github.com/apache/twill/blob/master/NOTICE
org.apache.twill:twill-yarn,https://github.com/apache/twill/blob/master/NOTICE
org.apache.twill:twill-zookeeper,https://github.com/apache/twill/blob/master/NOTICE
org.apache.twill:twill-common,https://github.com/apache/twill/blob/master/NOTICE
org.apache.twill:twill-core,https://github.com/apache/twill/blob/master/NOTICE
org.apache.twill:twill-discovery-api,https://github.com/apache/twill/blob/master/NOTICE
org.apache.twill:twill-discovery-core,https://github.com/apache/twill/blob/master/NOTICE
org.apache.velocity:velocity,https://github.com/apache/velocity-engine/trunk/NOTICE
org.apache.xbean:xbean-reflect,https://github.com/apache/geronimo-xbean/trunk/NOTICE
org.apache.directory.server:apacheds-interceptors-admin,https://github.com/apache/directory-server/blob/master/NOTICE
org.apache.directory.server:apacheds-interceptors-authn,https://github.com/apache/directory-server/blob/master/NOTICE
org.apache.directory.server:apacheds-interceptors-authz,https://github.com/apache/directory-server/blob/master/NOTICE
org.apache.directory.server:apacheds-interceptors-changelog,https://github.com/apache/directory-server/blob/master/NOTICE
org.apache.directory.server:apacheds-interceptors-collective,https://github.com/apache/directory-server/blob/master/NOTICE
org.apache.directory.server:apacheds-core,https://github.com/apache/directory-server/blob/master/NOTICE
org.apache.directory.server:apacheds-core-api,https://github.com/apache/directory-server/blob/master/NOTICE
org.apache.directory.server:apacheds-core-avl,https://github.com/apache/directory-server/blob/master/NOTICE
org.apache.directory.server:apacheds-core-constants,https://github.com/apache/directory-server/blob/master/NOTICE
org.apache.directory.server:apacheds-core-shared,https://github.com/apache/directory-server/blob/master/NOTICE
org.apache.directory.server:apacheds-interceptors-event,https://github.com/apache/directory-server/blob/master/NOTICE
org.apache.directory.server:apacheds-interceptors-exception,https://github.com/apache/directory-server/blob/master/NOTICE
org.apache.directory.server:apacheds-xdbm-partition,https://github.com/apache/directory-server/blob/master/NOTICE
org.apache.directory.server:apacheds-i18n,https://github.com/apache/directory-server/blob/master/NOTICE
org.apache.directory.server:apacheds-interceptor-kerberos,https://github.com/apache/directory-server/blob/master/NOTICE
org.apache.directory.jdbm:apacheds-jdbm1,https://github.com/apache/directory-server/blob/master/NOTICE
org.apache.directory.server:apacheds-jdbm-partition,https://github.com/apache/directory-server/blob/master/NOTICE
org.apache.directory.server:apacheds-interceptors-journal,https://github.com/apache/directory-server/blob/master/NOTICE
org.apache.directory.server:apacheds-ldif-partition,https://github.com/apache/directory-server/blob/master/NOTICE
org.apache.directory.server:apacheds-mavibot-partition,https://github.com/apache/directory-server/blob/master/NOTICE
org.apache.directory.server:apacheds-interceptors-normalization,https://github.com/apache/directory-server/blob/master/NOTICE
org.apache.directory.server:apacheds-interceptors-operational,https://github.com/apache/directory-server/blob/master/NOTICE
org.apache.directory.server:apacheds-protocol-kerberos,https://github.com/apache/directory-server/blob/master/NOTICE
org.apache.directory.server:apacheds-kerberos-codec,https://github.com/apache/directory-server/blob/master/NOTICE
org.apache.directory.server:apacheds-protocol-ldap,https://github.com/apache/directory-server/blob/master/NOTICE
org.apache.directory.server:apacheds-protocol-shared,https://github.com/apache/directory-server/blob/master/NOTICE
org.apache.directory.server:apacheds-interceptors-referral,https://github.com/apache/directory-server/blob/master/NOTICE
org.apache.directory.server:apacheds-interceptors-schema,https://github.com/apache/directory-server/blob/master/NOTICE
org.apache.directory.server:apacheds-interceptors-subtree,https://github.com/apache/directory-server/blob/master/NOTICE
org.apache.directory.server:apacheds-interceptors-trigger,https://github.com/apache/directory-server/blob/master/NOTICE
org.mongodb:bson,https://github.com/mongodb/mongo-java-driver/blob/blob/master/LICENSE.txt
org.apache.xmlgraphics:batik-css,https://github.com/apache/xml-graphics-commons/trunk/NOTICE
org.apache.xmlgraphics:batik-ext,https://github.com/apache/xml-graphics-commons/trunk/NOTICE
org.apache.xmlgraphics:batik-util,https://github.com/apache/xml-graphics-commons/trunk/NOTICE
com.google.apis:google-api-services-bigquery,https://github.com/googleapis/googleapis/blob/blob/master/LICENSE
net.bytebuddy:byte-buddy,https://github.com/raphw/byte-buddy/blob/master/NOTICE
net.bytebuddy:byte-buddy-agent,https://github.com/raphw/byte-buddy/blob/master/NOTICE
com.google.apis:google-api-services-cloudkms,https://github.com/googleapis/googleapis/blob/master/LICENSE
com.google.apis:google-api-services-storage,https://github.com/googleapis/googleapis/blob/master/LICENSE
commons-beanutils:commons-beanutils-core,https://github.com/apache/commons-beanutils/blob/master/NOTICE.txt
commons-digester:commons-digester,https://github.com/apache/commons-digester/blob/master/NOTICE.txt
commons-net:commons-net,https://github.com/apache/commons-net/blob/master/NOTICE.txt
commons-pool:commons-pool,https://github.com/apache/commons-pool/blob/master/NOTICE.txt
com.google.apis:google-api-services-compute,https://github.com/googleapis/googleapis/blob/blob/master/LICENSE.txt    ster/LICENSE
com.googlecode.concurrentlinkedhashmap:concurrentlinkedhashmap-lru,https://github.com/npgall/concurrent-trees/blob/blob/master/LICENSE.txt
org.apache.curator:curator-client,https://github.com/apache/curator/blob/master/NOTICE
org.apache.curator:curator-framework,https://github.com/apache/curator/blob/master/NOTICE
org.apache.curator:curator-recipes,https://github.com/apache/curator/blob/master/NOTICE
org.codehaus.jackson:jackson-mapper-asl,https://github.com/codeha    us/jackson/blob/master/README.txt
com.lmax:disruptor,https://github.com/LMAX-Exchange/disruptor/blob/blob/master/LICENCE.txt
org.elasticsearch:jna,https://github.com/elastic/elasticsearch/blob/master/NOTICE.txt
commons-fileupload:commons-fileupload,https://github.com/apache/commons-fileupload/blob/master/NOTICE.txt
de.flapdoodle.embed:de.flapdoodle.embed.mongo,https://github.com/flapdoodle-oss/de.flapdoodle.embed.mongo/blob/blob/master/LICENSE
de.flapdoodle.embed:de.flapdoodle.embed.process,https://github.com/flapdoodle-oss/de.flapdoodle.embed.mongo/blob/blob/master/LICENSE
com.google.api-client:google-api-client,https://github.com/googleapis/google-api-java-client/blob/blob/master/LICENSE
com.google.apis:google-api-services-pubsub,https://github.com/googleapis/google-api-java-client/blob/blob/master/LICENSE.txt
com.google.inject:guice,https://github.com/google/guice/guice
com.google.inject.extensions:guice-assistedinject,https://github.com/google/guice/extensions-parent/guice-assistedinject
com.google.inject.extensions:guice-multibindings,https://github.com/google/guice/extensions-parent/guice-multibindings
com.google.inject.extensions:guice-servlet,https://github.com/google/guice/extensions-parent/guice-servlet
com.google.http-client:google-http-client,https://github.com/googleapis/google-http-java-client/blob/blob/master/LICENSE
com.google.oauth-client:google-oauth-client,https://github.com/googleapis/google-http-java-client/blob/blob/master/LICENSE
com.google.guava:failureaccess,https://github.com/google/guava/failureaccess
com.google.guava:listenablefuture,https://github.com/google/guava/listenablefuture
com.google.guava:guava,https://github.com/google/guava/guava
org.apache.hive:hive-cli,https://github.com/apache/hive/blob/master/NOTICE
org.apache.hive:hive-common,https://github.com/apache/hive/blob/master/NOTICE
org.apache.hive.hcatalog:hive-hcatalog-core,https://github.com/apache/hive/blob/master/NOTICE
org.apache.hive:hive-jdbc,https://github.com/apache/hive/blob/master/NOTICE
org.apache.hive:hive-metastore,https://github.com/apache/hive/blob/master/NOTICE
org.apache.hive:hive-exec,https://github.com/apache/hive/blob/master/NOTICE
org.apache.hive:hive-serde,https://github.com/apache/hive/blob/master/NOTICE
org.apache.hive:hive-service,https://github.com/apache/hive/blob/master/NOTICE
org.apache.hive:hive-shims,https://github.com/apache/hive/blob/master/NOTICE
org.apache.hive.shims:hive-shims-common,https://github.com/apache/hive/blob/master/NOTICE
org.apache.hive.shims:hive-shims-scheduler,https://github.com/apache/hive/blob/master/NOTICE
com.google.j2objc:j2objc-annotations,https://github.com/google/j2objc/blob/blob/master/LICENSE
net.minidev:json-smart,https://github.com/netplex/json-smart-v2/blob/blob/master/LICENSE
org.codehaus.jackson:jackson-core-asl,https://github.com/codeha    us/jackson/blob/master/README.txt
com.fasterxml.jackson.dataformat:jackson-dataformat-cbor,https://github.com/Faste    rXML/jackson-core/blob/blob/master/LICENSE
com.fasterxml.jackson.dataformat:jackson-dataformat-smile,https://github.com/Faste    rXML/jackson-core/blob/blob/master/LICENSE
com.fasterxml.jackson.module:jackson-module-paranamer,https://github.com/Faste    rXML/jackson-core/blob/blob/master/LICENSE
com.fasterxml.jackson.dataformat:jackson-dataformat-yaml,https://github.com/Faste    rXML/jackson-core/blob/blob/master/LICENSE
com.github.jbellis:jamm,https://github.com/jbellis/jamm/blob/blob/master/license.txt
org.apache.geronimo.specs:geronimo-jaspic_1.0_spec,https://github.com/apache/geronimo-specs/trunk/LICENSE
com.jayway.jsonpath:json-path,https://github.com/json-path/JsonPath/blob/master/LICENSE
net.jpountz.lz4:lz4,https://github.com/jpountz/lz4-java
org.lz4:lz4-java,https://github.com/lz4/lz4-java
org.cloudera.logredactor:logredactor,https://github.com/cloudera/logredactor/blob/master/NOTICE.txt
com.microsoft.azure:azure-storage,https://github.com/Azure/azure-storage-java/blob/master/LICENSE
org.mongodb.mongo-hadoop:mongo-hadoop-core,https://github.com/mongodb/mongo-hadoop.git
org.mongodb:mongodb-driver,https://github.com/mongodb/mongo-hadoop.git
org.mongodb:mongo-java-driver,https://github.com/mongodb/mongo-hadoop.git
org.mongodb:mongodb-driver-core,https://github.com/mongodb/mongo-hadoop.git
net.sf.qualitycheck:quality-check,https://github.com/arouel/quality-check/blob/master/LICENSE.txt
com.github.mpkorstanje:simmetrics-core,https://github.com/mpkorstanje/simmetrics/simmetrics-core
org.xerial.snappy:snappy-java,https://github.com/xerial/snappy-java/blob/master/NOTICE
io.sundr:builder-annotations,https://github.com/sundrio/sundrio/blob/master/header.txt
io.sundr:resourcecify-annotations,https://github.com/sundrio/sundrio/blob/master/header.txt
io.sundr:sundr-codegen,https://github.com/sundrio/sundrio/blob/master/header.txt
io.sundr:sundr-core,https://github.com/sundrio/sundrio/blob/master/header.txt
com.tdunning:t-digest,https://github.com/tdunning/t-digest/blob/master/NOTICES
xerces:xercesImpl,https://github.com/apache/xerces2-j/trunk/NOTICE
org.apache.xmlbeans:xmlbeans,https://github.com/apache/xmlbeans/trunk/NOTICE.txt
com.101tec:zkclient,https://github.com/sgroschupf/zkclient
org.elasticsearch.plugin:aggs-matrix-stats-client,https://github.com/elastic/elasticsearch/blob/master/NOTICE.txt
org.elasticsearch:elasticsearch-cli,https://github.com/elastic/elasticsearch/blob/master/NOTICE.txt
io.kubernetes:client-java,https://github.com/kubernetes-client/java/blob/blob/master/LICENSE
io.kubernetes:client-java-api,https://github.com/kubernetes-client/java/blob/blob/master/LICENSE
io.kubernetes:client-java-proto,https://github.com/kubernetes-client/java/blob/blob/master/LICENSE
org.elasticsearch:elasticsearch-core,https://github.com/elastic/elasticsearch/blob/master/    NOTICE.txt
org.elasticsearch:elasticsearch,https://github.com/elastic/elasticsearch/blob/master/NOTICE.txt
com.github.rholder:guava-retrying,https://github.com/rholder/retrying/blob/master/NOTICE
org.apache.htrace:htrace-core,https://github.com/apache/incubator-retired-htrace/blob/master/NOTICE.txt
org.fusesource.jansi:jansi,https://github.com/fusesource/jansi/blob/blob/master/license.txt
tomcat:jasper-compiler,https://github.com/wenzhucjy/tomcat_source/blob/master/tomcat-8.0.9-sourcecode/NOTICE
tomcat:jasper-runtime,https://github.com/wenzhucjy/tomcat_source/blob/master/tomcat-8.0.9-sourcecode/NOTICE
javax.inject:javax.inject,https://github.com/javax-inject/javax-inject/blob/blob/master/README.md
org.elasticsearch.plugin:lang-mustache-client,https://github.com/elastic/elasticsearch/blob/master/NOTICE.t    xt
org.apache.mesos:mesos,https://github.com/apache/mesos/blob/master/NOTICE
org.elasticsearch.plugin:parent-join-client,https://github.com/elastic/elasticsearch/blob/master/N    OTICE.t    xt
org.elasticsearch.plugin:rank-eval-client,https://github.com/elastic/elasticsearch/blob/master/NOTICE.t    xt
org.elasticsearch.client:elasticsearch-rest-client,https://github.com/elastic/elasticsearch/blob/master/NOTICE.txt
org.elasticsearch.client:elasticsearch-rest-high-level-client,https://github.com/elastic/elasticsearch/blob/master/NOTICE.txt
org.elasticsearch:elasticsearch-secure-sm,https://github.com/elastic/elasticsearch/blob/master/NOTICE.t    xt
com.ecyrd.speed4j:speed4j,https://github.com/jalkanen/speed4j/blob/blob/master/LICENSE
org.apache.tez:tez-api,https://github.com/apache/tez/blob/master/NOTICE.txt
org.elasticsearch:elasticsearch-x-content,https://github.com/elastic/elasticsearch/blob/master/NOTICE.txt
org.fusesource.leveldbjni:leveldbjni-all,https://github.com/fusesource/leveldbjni/blob/master/license.txt
xom:xom,https://github.com/elharo/xom/blob/master/LICENSE.txt
org.json:json,https://github.com/stleary/JSON-java/blob/master/LICENSE
org.python:jython-standalone,https://github.com/jythontools/jython/blob/blob/master/LICENSE.txt
net.sf.jopt-simple:jopt-simple,https://github.com/jopt-simple/jopt-simple/blob/master/LICENSE.txt
org.mockito:mockito-core,https://github.com/mockito/mockito/release/3.x/LICENSE
org.reflections:reflections,https://github.com/ronmamo/reflections/blob/master/COPYING.txt
net.sf.py4j:py4j,https://github.com/bartdag/py4j/blob/8be614c14ffdb41a14d6f9aa525910a122c6f7b6/LICENSE.txt
com.ibm.icu:icu4j,https://github.com/unicode-org/icu/blob/master/README.md
net.jcip:jcip-annotations,https://github.com/stephenc/jcip-annotations/blob/blob/master/LICENSE.txt
javax.transaction:jta,https://github.com/javaee/javax.transaction/blob/master/LICENSE
eigenbase:eigenbase-properties,https://github.com/julianhyde/eigenbase-properties/blob/master/NOTICE
javax.servlet.jsp:jsp-api,https://github.com/javaee/servlet-spec/blob/blob/master/LICENSE
org.pentaho:pentaho-aggdesigner-algorithm,https://github.com/julianhyde/aggdesigner/blob/master/NOTICE
xalan:xalan,https://github.com/apache/xalan-j/trunk/NOTICE.txt
org.apache.xbean:xbean-asm5-shaded,https://github.com/apache/geronimo-xbean/trunk/NOTICE
org.mnode.ical4j:ical4j,https://github.com/ical4j/ical4j/develop/LICENSE.txt
org.apache.zookeeper:zookeeper,https://github.com/apache/zookeeper/blob/master/NOTICE.txt
org.antlr:antlr4-runtime,https://github.com/antlr/antlr4/blob/master/LICENSE.txt
org.antlr:antlr4,https://github.com/antlr/antlr4/blob/master/LICENSE.txt
mysql:mysql-connector-java,https://github.com/mysql/mysql-connector-j/blob/release/8.0/LICENSE
com.google.re2j:re2j,https://github.com/google/re2j/blob/master/LICENSE
org.antlr:antlr,https://github.com/antlr/antlr4/blob/master/LICENSE.txt
asm:asm,https://github.com/runelite/asm/blob/master/asm/LICENSE.txt
org.apache.hadoop:hadoop-core,https://github.com/apache/hadoop/trunk/NOTICE.txt
org.apache.hadoop:hadoop-mapreduce-client-app,https://github.com/apache/hadoop/trunk/NOTICE.txt
org.apache.hadoop:hadoop-mapreduce-client-common,https://github.com/apache/hadoop/trunk/NOTICE.txt
org.apache.hadoop:hadoop-mapreduce-client-hs,https://github.com/apache/hadoop/trunk/NOTICE.txt
org.apache.hadoop:hadoop-mapreduce-client-jobclient,https://github.com/apache/hadoop/trunk/NOTICE.txt
org.apache.hadoop:hadoop-mapreduce-client-shuffle,https://github.com/apache/hadoop/trunk/NOTICE.txt
org.apache.hadoop:hadoop-yarn-client,https://github.com/apache/hadoop/trunk/NOTICE.txt
org.apache.hadoop:hadoop-yarn-server-applicationhistoryservice,https://github.com/apache/hadoop/trunk/NOTICE.txt
org.apache.hadoop:hadoop-yarn-server-nodemanager,https://github.com/apache/hadoop/trunk/NOTICE.txt
org.apache.hadoop:hadoop-yarn-server-resourcemanager,https://github.com/apache/hadoop/trunk/NOTICE.txt
org.apache.hadoop:hadoop-yarn-server-tests,https://github.com/apache/hadoop/trunk/NOTICE.txt
org.apache.hadoop:hadoop-yarn-server-web-proxy,https://github.com/apache/hadoop/trunk/NOTICE.txt
org.cloudera.htrace:htrace-core,https://github.com/apache/incubator-retired-htrace/blob/master/NOTICE.txt
org.htrace:htrace-core,https://github.com/apache/incubator-retired-htrace/blob/master/NOTICE.txt
org.apache.htrace:htrace-core4,https://github.com/apache/incubator-retired-htrace/blob/master/NOTICE.txt
com.twitter:chill_2.10,https://github.com/twitter/chill/blob/develop/NOTICE
org.apache.spark:spark-catalyst_2.10,https://github.com/apache/spark/blob/master/NOTICE
org.apache.spark:spark-core_2.10,https://github.com/apache/spark/blob/master/NOTICE
org.apache.spark:spark-graphx_2.10,https://github.com/apache/spark/blob/master/NOTICE
org.apache.spark:spark-launcher_2.10,https://github.com/apache/spark/blob/master/NOTICE
org.apache.spark:spark-mllib_2.10,https://github.com/apache/spark/blob/master/NOTICE
org.apache.spark:spark-network-common_2.10,https://github.com/apache/spark/blob/master/NOTICE
org.apache.spark:spark-repl_2.10,https://github.com/apache/spark/blob/master/NOTICE
org.apache.spark:spark-sql_2.10,https://github.com/apache/spark/blob/master/NOTICE
org.apache.spark:spark-network-shuffle_2.10,https://github.com/apache/spark/blob/master/NOTICE
org.apache.spark:spark-streaming_2.10,https://github.com/apache/spark/blob/master/NOTICE
org.apache.spark:spark-unsafe_2.10,https://github.com/apache/spark/blob/master/NOTICE
org.apache.hadoop:hadoop-hdfs-client,https://github.com/apache/hadoop/trunk/NOTICE.txt
org.apache.kafka:connect-api,https://github.com/apache/kafka/blob/trunk/NOTICE
org.apache.kafka:connect-file,https://github.com/apache/kafka/blob/trunk/NOTICE
org.apache.kafka:connect-json,https://github.com/apache/kafka/blob/trunk/NOTICE
org.apache.kafka:connect-runtime,https://github.com/apache/kafka/blob/trunk/NOTICE
org.apache.kafka:connect-transforms,https://github.com/apache/kafka/blob/trunk/NOTICE
org.apache.kafka:kafka-log4j-appender,https://github.com/apache/kafka/blob/trunk/NOTICE
org.apache.kafka:kafka-tools,https://github.com/apache/kafka/blob/trunk/NOTICE
org.apache.hive:hive-ant,https://github.com/apache/hive/blob/master/NOTICE
org.apache.hive.shims:hive-shims-0.20S,https://github.com/apache/hive/blob/master/NOTICE
org.apache.hive.shims:hive-shims-0.23,https://github.com/apache/hive/blob/master/NOTICE
com.google.http-client:google-http-client-appengine,https://github.com/googleapis/google-http-java-client/blob/master/LICENSE
com.googlecode.json-simple:json-simple,https://github.com/fangyidong/json-simple/blob/master/LICENSE.txt
com.google.api-client:google-api-client-jackson2,https://github.com/googleapis/google-http-java-client/blob/master/LICENSE
com.google.http-client:google-http-client-jackson2,https://github.com/googleapis/google-http-java-client/blob/master/LICENSE
com.fasterxml.jackson.datatype:jackson-datatype-jdk8,https://github.com/FasterXML/jackson-modules-java8/blob/master/LICENSE
com.google.http-client:google-http-client-jackson,https://github.com/googleapis/google-http-java-client/blob/master/LICENSE
com.fasterxml.jackson.module:jackson-module-jaxb-annotations,https://github.com/FasterXML/jackson-modules-java8/blob/master/LICENSE
com.fasterxml.jackson.jaxrs:jackson-jaxrs-json-provider,https://github.com/FasterXML/jackson-modules-java8/blob/master/LICENSE
com.fasterxml.jackson.jaxrs:jackson-jaxrs-base,https://github.com/FasterXML/jackson-modules-java8/blob/master/LICENSE
com.google.api-client:google-api-client-java6,https://github.com/googleapis/google-api-java-client/blob/master/LICENSE
com.google.oauth-client:google-oauth-client-java6,https://github.com/googleapis/google-oauth-java-client/blob/master/LICENSE
org.powermock:powermock-api-mockito2,https://github.com/powermock/powermock/blob/release/2.x/LICENSE.txt
org.powermock:powermock-api-support,https://github.com/powermock/powermock/blob/release/2.x/LICENSE.txt
org.powermock:powermock-core,https://github.com/powermock/powermock/blob/release/2.x/LICENSE.txt
org.powermock:powermock-module-junit4-common,https://github.com/powermock/powermock/blob/release/2.x/LICENSE.txt
org.powermock:powermock-module-junit4,https://github.com/powermock/powermock/blob/release/2.x/LICENSE.txt
org.powermock:powermock-reflect,https://github.com/powermock/powermock/blob/release/2.x/LICENSE.txt
com.google.http-client:google-http-client-protobuf,https://github.com/googleapis/google-http-java-client/blob/master/LICENSE
commons-lang:commons-lang,https://github.com/apache/commons-lang/blob/master/NOTICE.txt
org.apache.commons:commons-math,https://github.com/apache/commons-lang/blob/master/NOTICE.txt
org.apache.tephra:tephra-api,https://github.com/apache/phoenix-tephra/blob/master/NOTICE
org.apache.tephra:tephra-hbase-compat-1.0-cdh,https://github.com/apache/phoenix-tephra/blob/master/NOTICE
org.apache.tephra:tephra-hbase-compat-1.1,https://github.com/apache/phoenix-tephra/blob/master/NOTICE
ca.uhn.hapi:hapi-structures-v21,https://github.com/jamesagnew/hapi-fhir/blob/master/NOTICE.txt
ca.uhn.hapi:hapi-structures-v22,https://github.com/jamesagnew/hapi-fhir/blob/master/NOTICE.txt
ca.uhn.hapi:hapi-structures-v23,https://github.com/jamesagnew/hapi-fhir/blob/master/NOTICE.txt
ca.uhn.hapi:hapi-structures-v231,https://github.com/jamesagnew/hapi-fhir/blob/master/NOTICE.txt
ca.uhn.hapi:hapi-structures-v24,https://github.com/jamesagnew/hapi-fhir/blob/master/NOTICE.txt
ca.uhn.hapi:hapi-structures-v25,https://github.com/jamesagnew/hapi-fhir/blob/master/NOTICE.txt
ca.uhn.hapi:hapi-structures-v251,https://github.com/jamesagnew/hapi-fhir/blob/master/NOTICE.txt
org.apache.directory.api:api-asn1-api,https://github.com/apache/directory-server/blob/master/NOTICE
org.apache.directory.api:api-asn1-ber,https://github.com/apache/directory-server/blob/master/NOTICE
org.json4s:json4s-ast_2.10,https://github.com/json4s/json4s/blob/master/ast/src/main/scala/org/json4s/Diff.scala
org.json4s:json4s-core_2.10,https://github.com/json4s/json4s/blob/master/ast/src/main/scala/org/json4s/Diff.scala
org.json4s:json4s-jackson_2.10,https://github.com/json4s/json4s/blob/master/ast/src/main/scala/org/json4s/Diff.scala
org.scalanlp:breeze_2.10,https://github.com/scalanlp/breeze/blob/master/NOTICE
org.scalanlp:breeze-macros_2.10,https://github.com/scalanlp/breeze/blob/master/NOTICE
org.glassfish.jersey.core:jersey-client,https://github.com/jersey/jersey/blob/master/core-server/src/main/java/org/glassfish/jersey/server/ApplicationConfigurator.java
org.glassfish.jersey.inject:jersey-hk2,https://github.com/jersey/jersey/blob/master/core-server/src/main/java/org/glassfish/jersey/server/ApplicationConfigurator.java
org.glassfish.jersey.core:jersey-common,https://github.com/jersey/jersey/blob/master/core-server/src/main/java/org/glassfish/jersey/server/ApplicationConfigurator.java
io.debezium:debezium-ddl-parser,https://github.com/debezium/debezium/blob/master/debezium-microbenchmark/src/main/java/io/debezium/performance/connector/mysql/parser/MySqlDdlParserPerf.java
io.debezium:debezium-connector-sqlserver,https://github.com/debezium/debezium/blob/master/debezium-microbenchmark/src/main/java/io/debezium/performance/connector/mysql/parser/MySqlDdlParserPerf.java
io.debezium:debezium-connector-mysql,https://github.com/debezium/debezium/blob/master/debezium-microbenchmark/src/main/java/io/debezium/performance/connector/mysql/parser/MySqlDdlParserPerf.java
io.debezium:debezium-core,https://github.com/debezium/debezium/blob/master/debezium-microbenchmark/src/main/java/io/debezium/performance/connector/mysql/parser/MySqlDdlParserPerf.java
io.debezium:debezium-embedded,https://github.com/debezium/debezium/blob/master/debezium-microbenchmark/src/main/java/io/debezium/performance/connector/mysql/parser/MySqlDdlParserPerf.java
com.google.cloud:google-cloud-bigquerystorage,https://github.com/googleapis/java-bigquerystorage/blob/master/google-cloud-bigquerystorage/src/main/java/com/google/cloud/bigquery/storage/v1/BaseBigQueryReadClient.java
com.google.api.grpc:grpc-google-cloud-bigquerystorage-v1beta1,https://github.com/googleapis/java-bigquerystorage/blob/master/google-cloud-bigquerystorage/src/main/java/com/google/cloud/bigquery/storage/v1/BaseBigQueryReadClient.java
com.google.api.grpc:proto-google-cloud-bigquerystorage-v1beta1,https://github.com/googleapis/java-bigquerystorage/blob/master/google-cloud-bigquerystorage/src/main/java/com/google/cloud/bigquery/storage/v1/BaseBigQueryReadClient.java
com.google.api.grpc:proto-google-cloud-speech-v1,https://github.com/googleapis/java-speech/blob/master/google-cloud-speech/src/main/java/com/google/cloud/speech/v1/SpeechClient.java
commons-cli:commons-cli,https://github.com/apache/commons-cli/blob/master/NOTICE.txt
commons-configuration:commons-configuration,https://github.com/apache/commons-configuration/blob/master/NOTICE.txt
org.spire-math:spire-macros_2.10,https://github.com/typelevel/spire/blob/master/COPYING
com.sun.jersey:jersey-servlet,https://github.com/jersey/jersey-1.x/blob/master/jersey-client/src/main/java/com/sun/jersey/api/client/WebResourceLinkHeaders.java
org.checkerframework:checker-compat-qual,https://github.com/typetools/checker-framework/blob/master/LICENSE.txt
com.microsoft.sqlserver:mssql-jdbc,https://github.com/microsoft/mssql-jdbc/blob/dev/LICENSE
com.codahale.metrics:metrics-jvm,https://github.com/dropwizard/metrics/blob/4.1-development/NOTICE
com.codahale.metrics:metrics-json,https://github.com/dropwizard/metrics/blob/4.1-development/NOTICE
com.google.auto.service:auto-service-annotations,https://github.com/typetools/checker-framework/blob/master/LICENSE.txt
com.google.auto.service:auto-service,https://github.com/typetools/checker-framework/blob/master/LICENSE.txt
org.iq80.leveldb:leveldb,https://github.com/dain/leveldb/blob/master/notice.md
org.iq80.leveldb:leveldb-api,https://github.com/dain/leveldb/blob/master/notice.md
org.eclipse.jetty:jetty-client,https://github.com/eclipse/jetty.project/blob/jetty-10.0.x/NOTICE.txt
org.eclipse.jetty:jetty-servlets,https://github.com/eclipse/jetty.project/blob/jetty-10.0.x/NOTICE.txt
org.spire-math:spire_2.10,https://github.com/typelevel/spire/blob/master/COPYING
stax:stax-api,https://github.com/codehaus/stax
io.opencensus:opencensus-contrib-grpc-util,https://github.com/census-instrumentation/opencensus-java/blob/master/api/src/main/java/io/opencensus/common/Clock.java
com.fasterxml.woodstox:woodstox-core,https://github.com/FasterXML/woodstox/blob/master/LICENSE
commons-dbcp:commons-dbcp,https://github.com/apache/commons-dbcp/blob/master/NOTICE.txt
commons-daemon:commons-daemon,https://github.com/apache/commons-daemon/blob/master/NOTICE.txt
com.damnhandy:handy-uri-templates,https://github.com/damnhandy/Handy-URI-Templates/blob/master/LICENSE.txt
com.spatial4j:spatial4j,https://github.com/locationtech/spatial4j/blob/master/src/main/java/org/locationtech/spatial4j/io/BinaryCodec.java
net.sf.uadetector:uadetector-resources,https://github.com/arouel/uadetector/blob/master/modules/uadetector-core/src/main/java/net/sf/uadetector/UserAgentType.java
com.google.crypto.tink:tink,https://github.com/google/tink/blob/master/java_src/src/main/java/com/google/crypto/tink/aead/AeadConfig.java
com.google.crypto.tink:tink-gcpkms,https://github.com/google/tink/blob/master/java_src/src/main/java/com/google/crypto/tink/aead/AeadConfig.java
com.google.auto:auto-common,https://github.com/typetools/checker-framework/blob/master/LICENSE.txt
org.conscrypt:conscrypt-openjdk-uber,https://github.com/google/conscrypt/blob/master/NOTICE
com.google.android:annotations,https://github.com/androidannotations/androidannotations/blob/develop/LICENSE.txt
io.perfmark:perfmark-api,https://github.com/perfmark/perfmark/blob/master/NOTICE
net.jodah:failsafe,https://github.com/jhalterman/failsafe/blob/master/README.md
com.github.stephenc.jcip:jcip-annotations,https://github.com/stephenc/jcip-annotations/blob/master/src/main/java/net/jcip/annotations/GuardedBy.java
org.codehaus.plexus:plexus-utils,https://github.com/codehaus-plexus/plexus-utils/blob/master/src/main/java/org/codehaus/plexus/util/Base64.java
org.jboss.netty:netty,https://github.com/netty/netty/blob/4.1/NOTICE.txt
com.typesafe:config,https://github.com/lightbend/config/blob/master/config/src/main/java/com/typesafe/config/Config.java
com.github.everit-org.json-schema:org.everit.json.schema,https://github.com/everit-org/json-schema/blob/master/NOTICE
com.github.shyiko:mysql-binlog-connector-java,https://github.com/shyiko/mysql-binlog-connector-java/blob/master/src/main/java/com/github/shyiko/mysql/binlog/BinaryLogClient.java
net.sourceforge.argparse4j:argparse4j,https://github.com/argparse4j/argparse4j/blob/master/LICENSE.txt
com.github.stephenc.high-scale-lib:high-scale-lib,https://github.com/stephenc/high-scale-lib/blob/master/LICENSE
org.apache.hadoop:hadoop-annotations,https://www.apache.org/licenses/LICENSE-2.0.txt
org.apache.hadoop:hadoop-auth,https://www.apache.org/licenses/LICENSE-2.0.txt
org.apache.hadoop:hadoop-common,https://www.apache.org/licenses/LICENSE-2.0.txt
org.apache.hadoop:hadoop-annotations,https://www.apache.org/licenses/LICENSE-2.0.txt
org.apache.hadoop:hadoop-auth,https://www.apache.org/licenses/LICENSE-2.0.txt
org.apache.hadoop:hadoop-common,https://www.apache.org/licenses/LICENSE-2.0.txt
org.apache.hadoop:hadoop-yarn-api,https://www.apache.org/licenses/LICENSE-2.0.txt
org.apache.hadoop:hadoop-yarn-client,https://www.apache.org/licenses/LICENSE-2.0.txt
org.apache.hadoop:hadoop-yarn-common,https://www.apache.org/licenses/LICENSE-2.0.txt
org.apache.hadoop:hadoop-hdfs,https://www.apache.org/licenses/LICENSE-2.0.txt
org.apache.hadoop:hadoop-hdfs,https://www.apache.org/licenses/LICENSE-2.0.txt
org.apache.hadoop:hadoop-mapreduce-client-app,https://www.apache.org/licenses/LICENSE-2.0.txt
org.apache.hadoop:hadoop-mapreduce-client-common,https://www.apache.org/licenses/LICENSE-2.0.txt
org.apache.hadoop:hadoop-mapreduce-client-core,https://www.apache.org/licenses/LICENSE-2.0.txt
org.apache.hadoop:hadoop-mapreduce-client-hs,https://www.apache.org/licenses/LICENSE-2.0.txt
org.apache.hadoop:hadoop-mapreduce-client-jobclient,https://www.apache.org/licenses/LICENSE-2.0.txt
org.apache.hadoop:hadoop-mapreduce-client-shuffle,https://www.apache.org/licenses/LICENSE-2.0.txt
org.apache.hadoop:hadoop-minicluster,https://www.apache.org/licenses/LICENSE-2.0.txt
org.apache.hadoop:hadoop-yarn-server-common,https://www.apache.org/licenses/LICENSE-2.0.txt
org.apache.hadoop:hadoop-yarn-server-nodemanager,https://www.apache.org/licenses/LICENSE-2.0.txt
org.apache.hadoop:hadoop-yarn-server-resourcemanager,https://www.apache.org/licenses/LICENSE-2.0.txt
org.apache.hadoop:hadoop-yarn-server-tests,https://www.apache.org/licenses/LICENSE-2.0.txt
org.apache.hadoop:hadoop-yarn-server-web-proxy,https://www.apache.org/licenses/LICENSE-2.0.txt
org.apache.hadoop:hadoop-core,https://www.apache.org/licenses/LICENSE-2.0.txt
org.apache.hadoop:hadoop-client,https://www.apache.org/licenses/LICENSE-2.0.txt
org.apache.hadoop:hadoop-core,https://www.apache.org/licenses/LICENSE-2.0.txt
org.apache.tez:tez-api,https://www.apache.org/licenses/LICENSE-2.0.txt
org.apache.hadoop:hadoop-core,https://www.apache.org/licenses/LICENSE-2.0.txt
org.apache.hadoop:hadoop-hdfs,https://www.apache.org/licenses/LICENSE-2.0.txt
org.apache.hadoop:hadoop-yarn-api,https://www.apache.org/licenses/LICENSE-2.0.txt
org.apache.hadoop:hadoop-yarn-server-applicationhistoryservice,https://www.apache.org/licenses/LICENSE-2.0.txt
org.apache.hadoop:hadoop-yarn-server-resourcemanager,https://www.apache.org/licenses/LICENSE-2.0.txt
org.apache.hadoop:hadoop-yarn-server-web-proxy,https://www.apache.org/licenses/LICENSE-2.0.txt
org.apache.hadoop:hadoop-minikdc,https://www.apache.org/licenses/LICENSE-2.0.txt
org.apache.hadoop:hadoop-hdfs,https://www.apache.org/licenses/LICENSE-2.0.txt
org.apache.hadoop:hadoop-annotations,https://www.apache.org/licenses/LICENSE-2.0.txt
org.apache.hadoop:hadoop-auth,https://www.apache.org/licenses/LICENSE-2.0.txt
org.apache.hadoop:hadoop-client,https://www.apache.org/licenses/LICENSE-2.0.txt
org.apache.hadoop:hadoop-common,https://www.apache.org/licenses/LICENSE-2.0.txt
org.apache.hadoop:hadoop-hdfs,https://www.apache.org/licenses/LICENSE-2.0.txt
org.apache.hadoop:hadoop-mapreduce-client-app,https://www.apache.org/licenses/LICENSE-2.0.txt
org.apache.hadoop:hadoop-mapreduce-client-common,https://www.apache.org/licenses/LICENSE-2.0.txt
org.apache.hadoop:hadoop-mapreduce-client-core,https://www.apache.org/licenses/LICENSE-2.0.txt
org.apache.hadoop:hadoop-mapreduce-client-jobclient,https://www.apache.org/licenses/LICENSE-2.0.txt
org.apache.hadoop:hadoop-mapreduce-client-shuffle,https://www.apache.org/licenses/LICENSE-2.0.txt
org.apache.hadoop:hadoop-yarn-api,https://www.apache.org/licenses/LICENSE-2.0.txt
org.apache.hadoop:hadoop-yarn-client,https://www.apache.org/licenses/LICENSE-2.0.txt
org.apache.hadoop:hadoop-yarn-common,https://www.apache.org/licenses/LICENSE-2.0.txt
org.apache.hadoop:hadoop-yarn-server-common,https://www.apache.org/licenses/LICENSE-2.0.txt
org.apache.hadoop:hadoop-yarn-server-nodemanager,https://www.apache.org/licenses/LICENSE-2.0.txt
org.apache.hadoop:hadoop-annotations,https://www.apache.org/licenses/LICENSE-2.0.txt
org.apache.hadoop:hadoop-archives,https://www.apache.org/licenses/LICENSE-2.0.txt
org.apache.hadoop:hadoop-yarn-server-applicationhistoryservice,https://www.apache.org/licenses/LICENSE-2.0.txt
org.apache.hadoop:hadoop-yarn-server-resourcemanager,https://www.apache.org/licenses/LICENSE-2.0.txt
org.apache.hadoop:hadoop-yarn-server-web-proxy,https://www.apache.org/licenses/LICENSE-2.0.txt
org.cloudera.logredactor:logredactor,https://www.apache.org/licenses/LICENSE-2.0.txt
org.apache.hadoop:hadoop-mapreduce-client-app,https://www.apache.org/licenses/LICENSE-2.0.txt
org.apache.hadoop:hadoop-mapreduce-client-common,https://www.apache.org/licenses/LICENSE-2.0.txt
org.apache.hadoop:hadoop-mapreduce-client-jobclient,https://www.apache.org/licenses/LICENSE-2.0.txt
org.apache.hadoop:hadoop-mapreduce-client-shuffle,https://www.apache.org/licenses/LICENSE-2.0.txt
org.apache.hadoop:hadoop-yarn-client,https://www.apache.org/licenses/LICENSE-2.0.txt
org.apache.hadoop:hadoop-yarn-server-common,https://www.apache.org/licenses/LICENSE-2.0.txt
org.apache.hadoop:hadoop-yarn-server-nodemanager,https://www.apache.org/licenses/LICENSE-2.0.txt
org.apache.hadoop:hadoop-mapreduce-client-core,https://www.apache.org/licenses/LICENSE-2.0.txt
org.apache.hadoop:hadoop-yarn-common,https://www.apache.org/licenses/LICENSE-2.0.txt
org.apache.zookeeper:zookeeper,https://www.apache.org/licenses/LICENSE-2.0.txt
com.google.code.findbugs:jsr305,https://www.apache.org/licenses/LICENSE-2.0.txt
org.apache.sentry:sentry-core-common,https://www.apache.org/licenses/LICENSE-2.0.txt
org.apache.sentry:sentry-policy-common,https://www.apache.org/licenses/LICENSE-2.0.txt
org.apache.sentry:sentry-provider-common,https://www.apache.org/licenses/LICENSE-2.0.txt
com.google.code.findbugs:jsr305,https://www.apache.org/licenses/LICENSE-2.0.txt
org.apache.sentry:sentry-binding-hive-common,https://www.apache.org/licenses/LICENSE-2.0.txt
org.apache.sentry:sentry-core-model-db,https://www.apache.org/licenses/LICENSE-2.0.txt
org.apache.sentry:sentry-core-model-kafka,https://www.apache.org/licenses/LICENSE-2.0.txt
org.apache.sentry:sentry-policy-db,https://www.apache.org/licenses/LICENSE-2.0.txt
org.apache.sentry:sentry-policy-kafka,https://www.apache.org/licenses/LICENSE-2.0.txt
org.apache.sentry:sentry-policy-search,https://www.apache.org/licenses/LICENSE-2.0.txt
org.apache.sentry:sentry-provider-cache,https://www.apache.org/licenses/LICENSE-2.0.txt
org.apache.sentry:sentry-provider-db,https://www.apache.org/licenses/LICENSE-2.0.txt
org.apache.sentry:sentry-provider-file,https://www.apache.org/licenses/LICENSE-2.0.txt
org.codehaus.jackson:jackson-core-asl,https://www.apache.org/licenses/LICENSE-2.0.txt
org.datanucleus:datanucleus-core,https://www.apache.org/licenses/LICENSE-2.0.txt
org.datanucleus:datanucleus-rdbms,https://www.apache.org/licenses/LICENSE-2.0.txt
io.cdap.common:common-http,https://www.apache.org/licenses/LICENSE-2.0.txt
io.cdap.common:common-io,https://www.apache.org/licenses/LICENSE-2.0.txt
io.cdap.common:common-lang,https://www.apache.org/licenses/LICENSE-2.0.txt
org.codehaus.woodstox:woodstox-core-asl,https://www.apache.org/licenses/LICENSE-2.0.txt
xml-apis:xml-apis,https://www.apache.org/licenses/LICENSE-2.0.txt
com.carrotsearch:hppc,https://www.apache.org/licenses/LICENSE-2.0.txt
net.sourceforge.nekohtml:nekohtml,https://www.apache.org/licenses/LICENSE-2.0.txt
xml-apis:xml-apis,https://www.apache.org/licenses/LICENSE-2.0.txt
xml-apis:xml-apis-ext,https://www.apache.org/licenses/LICENSE-2.0.txt
com.fasterxml.jackson.dataformat:jackson-dataformat-cbor,https://www.apache.org/licenses/LICENSE-2.0.txt
com.fasterxml.jackson.module:jackson-module-scala_2.10,https://www.apache.org/licenses/LICENSE-2.0.txt
com.fasterxml.jackson.module:jackson-module-scala_2.11,https://www.apache.org/licenses/LICENSE-2.0.txt
io.cdap.common:common-cli,https://www.apache.org/licenses/LICENSE-2.0.txt
com.fasterxml.jackson.module:jackson-module-scala_2.10,https://www.apache.org/licenses/LICENSE-2.0.txt
stax:stax-api,https://www.apache.org/licenses/LICENSE-2.0.txt
com.fasterxml.jackson.module:jackson-module-paranamer,https://www.apache.org/licenses/LICENSE-2.0.txt
com.fasterxml.jackson.dataformat:jackson-dataformat-cbor,https://www.apache.org/licenses/LICENSE-2.0.txt
com.nimbusds:nimbus-jose-jwt,https://www.apache.org/licenses/LICENSE-2.0.txt
org.apache.poi:poi,https://www.apache.org/licenses/LICENSE-2.0.txt
org.apache.poi:poi-ooxml,https://www.apache.org/licenses/LICENSE-2.0.txt
org.apache.poi:poi-ooxml-schemas,https://www.apache.org/licenses/LICENSE-2.0.txt
io.cdap.plugin:filesource-common,https://www.apache.org/licenses/LICENSE-2.0.txt
com.google.code.findbugs:jsr305,https://www.apache.org/licenses/LICENSE-2.0.txt
io.cdap.plugin:kafka-plugins-common,https://www.apache.org/licenses/LICENSE-2.0.txt
com.fasterxml.jackson.dataformat:jackson-dataformat-cbor,https://www.apache.org/licenses/LICENSE-2.0.txt
com.nimbusds:nimbus-jose-jwt,https://www.apache.org/licenses/LICENSE-2.0.txt
com.google.code.findbugs:jsr305,https://www.apache.org/licenses/LICENSE-2.0.txt
org.apache.hadoop:hadoop-annotations,https://www.apache.org/licenses/LICENSE-2.0.txt
org.apache.hadoop:hadoop-aws,https://www.apache.org/licenses/LICENSE-2.0.txt
org.apache.hadoop:hadoop-azure,https://www.apache.org/licenses/LICENSE-2.0.txt
org.apache.hadoop:hadoop-azure-datalake,https://www.apache.org/licenses/LICENSE-2.0.txt
org.apache.hadoop:hadoop-yarn-server-common,https://www.apache.org/licenses/LICENSE-2.0.txt
com.opentable.components:otj-pg-embedded,https://www.apache.org/licenses/LICENSE-2.0.txt
org.apache.hadoop:hadoop-auth,https://www.apache.org/licenses/LICENSE-2.0.txt
org.apache.hadoop:hadoop-common,https://www.apache.org/licenses/LICENSE-2.0.txt
org.apache.hadoop:hadoop-hdfs,https://www.apache.org/licenses/LICENSE-2.0.txt
org.apache.hadoop:hadoop-hdfs-client,https://www.apache.org/licenses/LICENSE-2.0.txt
org.apache.hadoop:hadoop-mapreduce-client-app,https://www.apache.org/licenses/LICENSE-2.0.txt
org.apache.hadoop:hadoop-mapreduce-client-common,https://www.apache.org/licenses/LICENSE-2.0.txt
org.apache.hadoop:hadoop-mapreduce-client-core,https://www.apache.org/licenses/LICENSE-2.0.txt
org.apache.hadoop:hadoop-mapreduce-client-jobclient,https://www.apache.org/licenses/LICENSE-2.0.txt
org.apache.hadoop:hadoop-yarn-api,https://www.apache.org/licenses/LICENSE-2.0.txt
org.apache.hadoop:hadoop-yarn-client,https://www.apache.org/licenses/LICENSE-2.0.txt
org.apache.hadoop:hadoop-yarn-common,https://www.apache.org/licenses/LICENSE-2.0.txt
org.apache.hadoop:hadoop-azure-datalake,https://www.apache.org/licenses/LICENSE-2.0.txt
org.apache.hadoop:hadoop-annotations,https://www.apache.org/licenses/LICENSE-2.0.txt
org.apache.hadoop:hadoop-auth,https://www.apache.org/licenses/LICENSE-2.0.txt
org.apache.hadoop:hadoop-common,https://www.apache.org/licenses/LICENSE-2.0.txt
org.apache.hadoop:hadoop-mapreduce-client-core,https://www.apache.org/licenses/LICENSE-2.0.txt
org.apache.hadoop:hadoop-yarn-api,https://www.apache.org/licenses/LICENSE-2.0.txt
org.apache.hadoop:hadoop-yarn-client,https://www.apache.org/licenses/LICENSE-2.0.txt
org.apache.hadoop:hadoop-yarn-common,https://www.apache.org/licenses/LICENSE-2.0.txt
javax.validation:validation-api,https://www.apache.org/licenses/LICENSE-2.0.txt
com.google.cloud.bigtable:bigtable-hbase-1.x-hadoop,https://www.apache.org/licenses/LICENSE-2.0.txt
com.google.cloud.bigtable:bigtable-hbase-1.x-mapreduce,https://www.apache.org/licenses/LICENSE-2.0.txt
com.google.cloud.datastore:datastore-v1-proto-client,https://www.apache.org/licenses/LICENSE-2.0.txt
com.zendesk:mysql-binlog-connector-java,https://www.apache.org/licenses/LICENSE-2.0.txt
io.debezium:debezium-api,https://www.apache.org/licenses/LICENSE-2.0.txt